"agency","penalties_dollars","penalties_number","year","total","enforcement"
"Environmental Protection Agency",64520699791,20101,2000,18596,285
"Environmental Protection Agency",64520699791,20101,2001,18633,288
"Environmental Protection Agency",64520699791,20101,2002,18740,321
"Environmental Protection Agency",64520699791,20101,2003,18923,319
"Environmental Protection Agency",64520699791,20101,2004,18576,313
"Environmental Protection Agency",64520699791,20101,2005,18398,317
"Environmental Protection Agency",64520699791,20101,2006,18248,311
"Environmental Protection Agency",64520699791,20101,2007,18092,286
"Environmental Protection Agency",64520699791,20101,2008,18247,293
"Environmental Protection Agency",64520699791,20101,2009,18448,309
"Environmental Protection Agency",64520699791,20101,2010,18742,333
"Environmental Protection Agency",64520699791,20101,2011,18777,324
"Environmental Protection Agency",64520699791,20101,2012,18061,341
"Environmental Protection Agency",64520699791,20101,2013,16950,295
"Environmental Protection Agency",64520699791,20101,2014,15852,274
"Environmental Protection Agency",64520699791,20101,2015,15445,265
"Environmental Protection Agency",64520699791,20101,2016,15634,255
"Environmental Protection Agency",64520699791,20101,2017,15058,244
"Environmental Protection Agency",64520699791,20101,2018,14457,236
"Environmental Protection Agency",64520699791,20101,2019,14291,256
"Environmental Protection Agency",64520699791,20101,2020,14915,233
"Environmental Protection Agency",64520699791,20101,2021,14821,236
"Federal Housing Finance Agency",40518500000,21,2009,428,0
"Federal Housing Finance Agency",40518500000,21,2010,453,0
"Federal Housing Finance Agency",40518500000,21,2011,618,20
"Federal Housing Finance Agency",40518500000,21,2012,582,2
"Federal Housing Finance Agency",40518500000,21,2013,609,2
"Federal Housing Finance Agency",40518500000,21,2014,591,0
"Federal Housing Finance Agency",40518500000,21,2015,557,2
"Federal Housing Finance Agency",40518500000,21,2016,592,2
"Federal Housing Finance Agency",40518500000,21,2017,603,2
"Federal Housing Finance Agency",40518500000,21,2018,599,2
"Federal Housing Finance Agency",40518500000,21,2019,617,2
"Federal Housing Finance Agency",40518500000,21,2020,641,2
"Federal Housing Finance Agency",40518500000,21,2021,700,1
"Securities and Exchange Commission",37040649310,2642,2000,2952,46
"Securities and Exchange Commission",37040649310,2642,2001,3049,42
"Securities and Exchange Commission",37040649310,2642,2002,3027,36
"Securities and Exchange Commission",37040649310,2642,2003,3256,35
"Securities and Exchange Commission",37040649310,2642,2004,3797,35
"Securities and Exchange Commission",37040649310,2642,2005,3907,36
"Securities and Exchange Commission",37040649310,2642,2006,3598,35
"Securities and Exchange Commission",37040649310,2642,2007,3498,32
"Securities and Exchange Commission",37040649310,2642,2008,3631,29
"Securities and Exchange Commission",37040649310,2642,2009,3728,33
"Securities and Exchange Commission",37040649310,2642,2010,3917,33
"Securities and Exchange Commission",37040649310,2642,2011,3846,35
"Securities and Exchange Commission",37040649310,2642,2012,3907,33
"Securities and Exchange Commission",37040649310,2642,2013,4135,33
"Securities and Exchange Commission",37040649310,2642,2014,4207,43
"Securities and Exchange Commission",37040649310,2642,2015,4413,45
"Securities and Exchange Commission",37040649310,2642,2016,4665,46
"Securities and Exchange Commission",37040649310,2642,2017,4591,41
"Securities and Exchange Commission",37040649310,2642,2018,4445,41
"Securities and Exchange Commission",37040649310,2642,2019,4346,40
"Securities and Exchange Commission",37040649310,2642,2020,4479,40
"Securities and Exchange Commission",37040649310,2642,2021,4529,35
"Food and Drug Administration",19512069130,59,2000,11367,294
"Food and Drug Administration",19512069130,59,2001,11425,294
"Food and Drug Administration",19512069130,59,2002,11532,289
"Food and Drug Administration",19512069130,59,2003,11764,282
"Food and Drug Administration",19512069130,59,2004,11476,273
"Food and Drug Administration",19512069130,59,2005,11521,264
"Food and Drug Administration",19512069130,59,2006,11315,252
"Food and Drug Administration",19512069130,59,2007,11272,263
"Food and Drug Administration",19512069130,59,2008,12096,259
"Food and Drug Administration",19512069130,59,2009,13524,267
"Food and Drug Administration",19512069130,59,2010,14824,266
"Food and Drug Administration",19512069130,59,2011,15232,274
"Food and Drug Administration",19512069130,59,2012,15610,268
"Food and Drug Administration",19512069130,59,2013,16307,287
"Food and Drug Administration",19512069130,59,2014,16914,297
"Food and Drug Administration",19512069130,59,2015,17883,306
"Food and Drug Administration",19512069130,59,2016,18529,288
"Food and Drug Administration",19512069130,59,2017,18593,310
"Food and Drug Administration",19512069130,59,2018,18405,319
"Food and Drug Administration",19512069130,59,2019,18232,313
"Food and Drug Administration",19512069130,59,2020,19082,310
"Food and Drug Administration",19512069130,59,2021,19653,312
"Commodity Futures Trading Commission",16073110822,752,2000,570,101
"Commodity Futures Trading Commission",16073110822,752,2001,542,99
"Commodity Futures Trading Commission",16073110822,752,2002,522,86
"Commodity Futures Trading Commission",16073110822,752,2003,533,81
"Commodity Futures Trading Commission",16073110822,752,2004,501,84
"Commodity Futures Trading Commission",16073110822,752,2005,511,85
"Commodity Futures Trading Commission",16073110822,752,2006,465,81
"Commodity Futures Trading Commission",16073110822,752,2007,440,74
"Commodity Futures Trading Commission",16073110822,752,2008,486,66
"Commodity Futures Trading Commission",16073110822,752,2009,571,75
"Commodity Futures Trading Commission",16073110822,752,2010,699,79
"Commodity Futures Trading Commission",16073110822,752,2011,665,76
"Commodity Futures Trading Commission",16073110822,752,2012,707,66
"Commodity Futures Trading Commission",16073110822,752,2013,685,49
"Commodity Futures Trading Commission",16073110822,752,2014,656,46
"Commodity Futures Trading Commission",16073110822,752,2015,764,49
"Commodity Futures Trading Commission",16073110822,752,2016,726,45
"Commodity Futures Trading Commission",16073110822,752,2017,705,45
"Commodity Futures Trading Commission",16073110822,752,2018,687,40
"Commodity Futures Trading Commission",16073110822,752,2019,691,39
"Commodity Futures Trading Commission",16073110822,752,2020,693,39
"Commodity Futures Trading Commission",16073110822,752,2021,682,37
"Federal Trade Commission",15400468172,555,2000,1022,71
"Federal Trade Commission",15400468172,555,2001,1073,71
"Federal Trade Commission",15400468172,555,2002,1109,69
"Federal Trade Commission",15400468172,555,2003,1089,68
"Federal Trade Commission",15400468172,555,2004,1073,75
"Federal Trade Commission",15400468172,555,2005,1017,68
"Federal Trade Commission",15400468172,555,2006,1068,65
"Federal Trade Commission",15400468172,555,2007,1095,66
"Federal Trade Commission",15400468172,555,2008,1122,64
"Federal Trade Commission",15400468172,555,2009,1120,57
"Federal Trade Commission",15400468172,555,2010,1189,54
"Federal Trade Commission",15400468172,555,2011,1135,51
"Federal Trade Commission",15400468172,555,2012,1177,51
"Federal Trade Commission",15400468172,555,2013,1166,51
"Federal Trade Commission",15400468172,555,2014,1161,51
"Federal Trade Commission",15400468172,555,2015,1188,48
"Federal Trade Commission",15400468172,555,2016,1164,48
"Federal Trade Commission",15400468172,555,2017,1137,45
"Federal Trade Commission",15400468172,555,2018,1115,41
"Federal Trade Commission",15400468172,555,2019,1133,45
"Federal Trade Commission",15400468172,555,2020,1164,41
"Federal Trade Commission",15400468172,555,2021,1109,38
"Bureau of Consumer Financial Protection",14369834693,232,2011,647,0
"Bureau of Consumer Financial Protection",14369834693,232,2012,967,0
"Bureau of Consumer Financial Protection",14369834693,232,2013,1313,5
"Bureau of Consumer Financial Protection",14369834693,232,2014,1407,7
"Bureau of Consumer Financial Protection",14369834693,232,2015,1507,7
"Bureau of Consumer Financial Protection",14369834693,232,2016,1614,7
"Bureau of Consumer Financial Protection",14369834693,232,2017,1657,7
"Bureau of Consumer Financial Protection",14369834693,232,2018,1501,8
"Bureau of Consumer Financial Protection",14369834693,232,2019,1419,7
"Bureau of Consumer Financial Protection",14369834693,232,2020,1492,8
"Bureau of Consumer Financial Protection",14369834693,232,2021,1581,10
"Office of the Comptroller of the Currency",14137678233,205,2000,2827,0
"Office of the Comptroller of the Currency",14137678233,205,2001,2858,0
"Office of the Comptroller of the Currency",14137678233,205,2002,2802,0
"Office of the Comptroller of the Currency",14137678233,205,2003,2780,0
"Office of the Comptroller of the Currency",14137678233,205,2004,2717,0
"Office of the Comptroller of the Currency",14137678233,205,2005,2779,0
"Office of the Comptroller of the Currency",14137678233,205,2006,2951,0
"Office of the Comptroller of the Currency",14137678233,205,2007,3044,0
"Office of the Comptroller of the Currency",14137678233,205,2008,3106,0
"Office of the Comptroller of the Currency",14137678233,205,2009,3183,0
"Office of the Comptroller of the Currency",14137678233,205,2010,3142,0
"Office of the Comptroller of the Currency",14137678233,205,2011,3726,0
"Office of the Comptroller of the Currency",14137678233,205,2012,3808,0
"Office of the Comptroller of the Currency",14137678233,205,2013,3950,0
"Office of the Comptroller of the Currency",14137678233,205,2014,3867,0
"Office of the Comptroller of the Currency",14137678233,205,2015,3835,0
"Office of the Comptroller of the Currency",14137678233,205,2016,3967,0
"Office of the Comptroller of the Currency",14137678233,205,2017,3939,0
"Office of the Comptroller of the Currency",14137678233,205,2018,3833,0
"Office of the Comptroller of the Currency",14137678233,205,2019,3627,0
"Office of the Comptroller of the Currency",14137678233,205,2020,3538,0
"Office of the Comptroller of the Currency",14137678233,205,2021,3548,0
"Federal Reserve",6893775548,171,NA,NA,NA
"Internal Revenue Service",5900800000,7,2000,97464,3311
"Internal Revenue Service",5900800000,7,2001,100577,3757
"Internal Revenue Service",5900800000,7,2002,98222,3923
"Internal Revenue Service",5900800000,7,2003,94875,3788
"Internal Revenue Service",5900800000,7,2004,95620,3892
"Internal Revenue Service",5900800000,7,2005,92609,3891
"Internal Revenue Service",5900800000,7,2006,91340,3864
"Internal Revenue Service",5900800000,7,2007,87417,3711
"Internal Revenue Service",5900800000,7,2008,90311,3614
"Internal Revenue Service",5900800000,7,2009,93432,3766
"Internal Revenue Service",5900800000,7,2010,94428,3564
"Internal Revenue Service",5900800000,7,2011,91435,3475
"Internal Revenue Service",5900800000,7,2012,89956,3366
"Internal Revenue Service",5900800000,7,2013,83666,3240
"Internal Revenue Service",5900800000,7,2014,78185,3126
"Internal Revenue Service",5900800000,7,2015,76588,2880
"Internal Revenue Service",5900800000,7,2016,77116,2717
"Internal Revenue Service",5900800000,7,2017,72946,2640
"Internal Revenue Service",5900800000,7,2018,74533,2458
"Internal Revenue Service",5900800000,7,2019,74412,2405
"Internal Revenue Service",5900800000,7,2020,80269,2478
"Internal Revenue Service",5900800000,7,2021,80442,2489
"Federal Communications Commission",4020723431,517,2000,1956,21
"Federal Communications Commission",4020723431,517,2001,1997,18
"Federal Communications Commission",4020723431,517,2002,2052,16
"Federal Communications Commission",4020723431,517,2003,2045,15
"Federal Communications Commission",4020723431,517,2004,1952,14
"Federal Communications Commission",4020723431,517,2005,1854,14
"Federal Communications Commission",4020723431,517,2006,1847,12
"Federal Communications Commission",4020723431,517,2007,1804,10
"Federal Communications Commission",4020723431,517,2008,1822,10
"Federal Communications Commission",4020723431,517,2009,1872,9
"Federal Communications Commission",4020723431,517,2010,1832,8
"Federal Communications Commission",4020723431,517,2011,1784,6
"Federal Communications Commission",4020723431,517,2012,1755,6
"Federal Communications Commission",4020723431,517,2013,1752,8
"Federal Communications Commission",4020723431,517,2014,1728,8
"Federal Communications Commission",4020723431,517,2015,1688,7
"Federal Communications Commission",4020723431,517,2016,1606,9
"Federal Communications Commission",4020723431,517,2017,1490,9
"Federal Communications Commission",4020723431,517,2018,1449,8
"Federal Communications Commission",4020723431,517,2019,1449,6
"Federal Communications Commission",4020723431,517,2020,1486,5
"Federal Communications Commission",4020723431,517,2021,1437,7
"National Highway Traffic Safety Administration",3781559823,171,2000,635,9
"National Highway Traffic Safety Administration",3781559823,171,2001,656,11
"National Highway Traffic Safety Administration",3781559823,171,2002,688,11
"National Highway Traffic Safety Administration",3781559823,171,2003,656,11
"National Highway Traffic Safety Administration",3781559823,171,2004,608,9
"National Highway Traffic Safety Administration",3781559823,171,2005,605,11
"National Highway Traffic Safety Administration",3781559823,171,2006,619,9
"National Highway Traffic Safety Administration",3781559823,171,2007,625,10
"National Highway Traffic Safety Administration",3781559823,171,2008,609,9
"National Highway Traffic Safety Administration",3781559823,171,2009,625,13
"National Highway Traffic Safety Administration",3781559823,171,2010,609,16
"National Highway Traffic Safety Administration",3781559823,171,2011,599,11
"National Highway Traffic Safety Administration",3781559823,171,2012,594,11
"National Highway Traffic Safety Administration",3781559823,171,2013,597,12
"National Highway Traffic Safety Administration",3781559823,171,2014,583,12
"National Highway Traffic Safety Administration",3781559823,171,2015,558,11
"National Highway Traffic Safety Administration",3781559823,171,2016,542,12
"National Highway Traffic Safety Administration",3781559823,171,2017,549,15
"National Highway Traffic Safety Administration",3781559823,171,2018,569,22
"National Highway Traffic Safety Administration",3781559823,171,2019,581,22
"National Highway Traffic Safety Administration",3781559823,171,2020,616,21
"National Highway Traffic Safety Administration",3781559823,171,2021,600,21
"Wage and Hour Division",3733105415,81180,2011,1780,1531
"Wage and Hour Division",3733105415,81180,2012,1888,1566
"Wage and Hour Division",3733105415,81180,2013,1823,1516
"Wage and Hour Division",3733105415,81180,2014,1772,1474
"Wage and Hour Division",3733105415,81180,2015,1796,1516
"Wage and Hour Division",3733105415,81180,2016,1745,1469
"Wage and Hour Division",3733105415,81180,2017,1692,1425
"Wage and Hour Division",3733105415,81180,2018,1576,1324
"Wage and Hour Division",3733105415,81180,2019,1477,1217
"Wage and Hour Division",3733105415,81180,2020,1507,1283
"Wage and Hour Division",3733105415,81180,2021,1531,1299
"Occupational Safety and Health Administration",3096790777,209605,2000,2178,170
"Occupational Safety and Health Administration",3096790777,209605,2001,2224,167
"Occupational Safety and Health Administration",3096790777,209605,2002,2257,174
"Occupational Safety and Health Administration",3096790777,209605,2003,2276,176
"Occupational Safety and Health Administration",3096790777,209605,2004,2198,166
"Occupational Safety and Health Administration",3096790777,209605,2005,2130,161
"Occupational Safety and Health Administration",3096790777,209605,2006,2063,156
"Occupational Safety and Health Administration",3096790777,209605,2007,2076,162
"Occupational Safety and Health Administration",3096790777,209605,2008,2087,160
"Occupational Safety and Health Administration",3096790777,209605,2009,2126,161
"Occupational Safety and Health Administration",3096790777,209605,2010,2291,183
"Occupational Safety and Health Administration",3096790777,209605,2011,2272,184
"Occupational Safety and Health Administration",3096790777,209605,2012,2271,204
"Occupational Safety and Health Administration",3096790777,209605,2013,2231,200
"Occupational Safety and Health Administration",3096790777,209605,2014,2161,196
"Occupational Safety and Health Administration",3096790777,209605,2015,2101,194
"Occupational Safety and Health Administration",3096790777,209605,2016,2058,181
"Occupational Safety and Health Administration",3096790777,209605,2017,1962,168
"Occupational Safety and Health Administration",3096790777,209605,2018,1864,157
"Occupational Safety and Health Administration",3096790777,209605,2019,1853,147
"Occupational Safety and Health Administration",3096790777,209605,2020,1866,137
"Occupational Safety and Health Administration",3096790777,209605,2021,1840,145
"Bureau of Industry and Security",2578184761,615,2002,389,142
"Bureau of Industry and Security",2578184761,615,2003,371,142
"Bureau of Industry and Security",2578184761,615,2004,365,149
"Bureau of Industry and Security",2578184761,615,2005,357,141
"Bureau of Industry and Security",2578184761,615,2006,370,142
"Bureau of Industry and Security",2578184761,615,2007,371,140
"Bureau of Industry and Security",2578184761,615,2008,351,128
"Bureau of Industry and Security",2578184761,615,2009,324,122
"Bureau of Industry and Security",2578184761,615,2010,337,124
"Bureau of Industry and Security",2578184761,615,2011,362,133
"Bureau of Industry and Security",2578184761,615,2012,384,142
"Bureau of Industry and Security",2578184761,615,2013,376,146
"Bureau of Industry and Security",2578184761,615,2014,360,142
"Bureau of Industry and Security",2578184761,615,2015,363,140
"Bureau of Industry and Security",2578184761,615,2016,375,158
"Bureau of Industry and Security",2578184761,615,2017,376,160
"Bureau of Industry and Security",2578184761,615,2018,358,152
"Bureau of Industry and Security",2578184761,615,2019,353,160
"Bureau of Industry and Security",2578184761,615,2020,357,159
"Bureau of Industry and Security",2578184761,615,2021,386,164
"Federal Energy Regulatory Commission",2173518376,164,2011,1488,6
"Federal Energy Regulatory Commission",2173518376,164,2012,1471,7
"Federal Energy Regulatory Commission",2173518376,164,2013,1453,5
"Federal Energy Regulatory Commission",2173518376,164,2014,1457,4
"Federal Energy Regulatory Commission",2173518376,164,2015,1479,4
"Federal Energy Regulatory Commission",2173518376,164,2016,1477,4
"Federal Energy Regulatory Commission",2173518376,164,2017,1446,3
"Federal Energy Regulatory Commission",2173518376,164,2018,1433,3
"Federal Energy Regulatory Commission",2173518376,164,2019,1456,2
"Federal Energy Regulatory Commission",2173518376,164,2020,1461,3
"Federal Energy Regulatory Commission",2173518376,164,2021,1460,3
"Office of Foreign Assets Control",2013565397,540,NA,NA,NA
"National Labor Relations Board",1668769430,13835,2000,2035,2
"National Labor Relations Board",1668769430,13835,2001,2098,1
"National Labor Relations Board",1668769430,13835,2002,2257,2
"National Labor Relations Board",1668769430,13835,2003,1926,2
"National Labor Relations Board",1668769430,13835,2004,1898,1
"National Labor Relations Board",1668769430,13835,2005,1870,2
"National Labor Relations Board",1668769430,13835,2006,1836,1
"National Labor Relations Board",1668769430,13835,2007,1714,1
"National Labor Relations Board",1668769430,13835,2008,1643,0
"National Labor Relations Board",1668769430,13835,2009,1649,1
"National Labor Relations Board",1668769430,13835,2010,1714,1
"National Labor Relations Board",1668769430,13835,2011,1733,1
"National Labor Relations Board",1668769430,13835,2012,1682,1
"National Labor Relations Board",1668769430,13835,2013,1588,1
"National Labor Relations Board",1668769430,13835,2014,1588,1
"National Labor Relations Board",1668769430,13835,2015,1593,1
"National Labor Relations Board",1668769430,13835,2016,1545,1
"National Labor Relations Board",1668769430,13835,2017,1469,1
"National Labor Relations Board",1668769430,13835,2018,1323,1
"National Labor Relations Board",1668769430,13835,2019,1274,1
"National Labor Relations Board",1668769430,13835,2020,1249,19
"National Labor Relations Board",1668769430,13835,2021,1214,14
"Equal Employment Opportunity Commission",1653806777,2374,2000,2779,1187
"Equal Employment Opportunity Commission",1653806777,2374,2001,2910,1174
"Equal Employment Opportunity Commission",1653806777,2374,2002,2776,1114
"Equal Employment Opportunity Commission",1653806777,2374,2003,2588,1024
"Equal Employment Opportunity Commission",1653806777,2374,2004,2465,979
"Equal Employment Opportunity Commission",1653806777,2374,2005,2363,947
"Equal Employment Opportunity Commission",1653806777,2374,2006,2195,853
"Equal Employment Opportunity Commission",1653806777,2374,2007,2192,883
"Equal Employment Opportunity Commission",1653806777,2374,2008,2205,930
"Equal Employment Opportunity Commission",1653806777,2374,2009,2353,1030
"Equal Employment Opportunity Commission",1653806777,2374,2010,2543,1130
"Equal Employment Opportunity Commission",1653806777,2374,2011,2479,1072
"Equal Employment Opportunity Commission",1653806777,2374,2012,2294,987
"Equal Employment Opportunity Commission",1653806777,2374,2013,2154,912
"Equal Employment Opportunity Commission",1653806777,2374,2014,2217,955
"Equal Employment Opportunity Commission",1653806777,2374,2015,2275,972
"Equal Employment Opportunity Commission",1653806777,2374,2016,2137,923
"Equal Employment Opportunity Commission",1653806777,2374,2017,2038,852
"Equal Employment Opportunity Commission",1653806777,2374,2018,2051,860
"Equal Employment Opportunity Commission",1653806777,2374,2019,2045,844
"Equal Employment Opportunity Commission",1653806777,2374,2020,1950,772
"Equal Employment Opportunity Commission",1653806777,2374,2021,2074,815
"National Credit Union Administration",1636450000,12,2000,994,2
"National Credit Union Administration",1636450000,12,2001,976,2
"National Credit Union Administration",1636450000,12,2002,934,2
"National Credit Union Administration",1636450000,12,2003,912,2
"National Credit Union Administration",1636450000,12,2004,888,2
"National Credit Union Administration",1636450000,12,2005,899,2
"National Credit Union Administration",1636450000,12,2006,911,2
"National Credit Union Administration",1636450000,12,2007,911,2
"National Credit Union Administration",1636450000,12,2008,946,2
"National Credit Union Administration",1636450000,12,2009,1013,1
"National Credit Union Administration",1636450000,12,2010,1079,1
"National Credit Union Administration",1636450000,12,2011,1175,0
"National Credit Union Administration",1636450000,12,2012,1188,1
"National Credit Union Administration",1636450000,12,2013,1254,1
"National Credit Union Administration",1636450000,12,2014,1226,1
"National Credit Union Administration",1636450000,12,2015,1229,1
"National Credit Union Administration",1636450000,12,2016,1213,1
"National Credit Union Administration",1636450000,12,2017,1152,1
"National Credit Union Administration",1636450000,12,2018,1110,1
"National Credit Union Administration",1636450000,12,2019,1096,1
"National Credit Union Administration",1636450000,12,2020,1117,1
"National Credit Union Administration",1636450000,12,2021,1138,1
"Financial Crimes Enforcement Network",1462242314,53,2003,245,13
"Financial Crimes Enforcement Network",1462242314,53,2004,256,19
"Financial Crimes Enforcement Network",1462242314,53,2005,291,16
"Financial Crimes Enforcement Network",1462242314,53,2006,308,22
"Financial Crimes Enforcement Network",1462242314,53,2007,299,18
"Financial Crimes Enforcement Network",1462242314,53,2008,308,21
"Financial Crimes Enforcement Network",1462242314,53,2009,341,25
"Financial Crimes Enforcement Network",1462242314,53,2010,329,24
"Financial Crimes Enforcement Network",1462242314,53,2011,305,23
"Financial Crimes Enforcement Network",1462242314,53,2012,305,23
"Financial Crimes Enforcement Network",1462242314,53,2013,293,13
"Financial Crimes Enforcement Network",1462242314,53,2014,276,18
"Financial Crimes Enforcement Network",1462242314,53,2015,281,23
"Financial Crimes Enforcement Network",1462242314,53,2016,278,29
"Financial Crimes Enforcement Network",1462242314,53,2017,271,36
"Financial Crimes Enforcement Network",1462242314,53,2018,285,37
"Financial Crimes Enforcement Network",1462242314,53,2019,274,36
"Financial Crimes Enforcement Network",1462242314,53,2020,270,36
"Financial Crimes Enforcement Network",1462242314,53,2021,280,41
"Financial Industry Regulatory Authority",1431900318,737,NA,NA,NA
"Federal Deposit Insurance Corporation",778026489,684,2000,6847,41
"Federal Deposit Insurance Corporation",778026489,684,2001,6372,41
"Federal Deposit Insurance Corporation",778026489,684,2002,5906,37
"Federal Deposit Insurance Corporation",778026489,684,2003,5448,36
"Federal Deposit Insurance Corporation",778026489,684,2004,5292,40
"Federal Deposit Insurance Corporation",778026489,684,2005,4593,36
"Federal Deposit Insurance Corporation",778026489,684,2006,4551,39
"Federal Deposit Insurance Corporation",778026489,684,2007,4638,37
"Federal Deposit Insurance Corporation",778026489,684,2008,4939,37
"Federal Deposit Insurance Corporation",778026489,684,2009,6399,41
"Federal Deposit Insurance Corporation",778026489,684,2010,8149,47
"Federal Deposit Insurance Corporation",778026489,684,2011,8358,49
"Federal Deposit Insurance Corporation",778026489,684,2012,7924,53
"Federal Deposit Insurance Corporation",778026489,684,2013,7482,50
"Federal Deposit Insurance Corporation",778026489,684,2014,6874,49
"Federal Deposit Insurance Corporation",778026489,684,2015,6625,54
"Federal Deposit Insurance Corporation",778026489,684,2016,6303,53
"Federal Deposit Insurance Corporation",778026489,684,2017,6101,55
"Federal Deposit Insurance Corporation",778026489,684,2018,5910,55
"Federal Deposit Insurance Corporation",778026489,684,2019,5768,57
"Federal Deposit Insurance Corporation",778026489,684,2020,5860,63
"Federal Deposit Insurance Corporation",778026489,684,2021,5939,62
"Employee Benefits Security Administration",764387721,3675,2003,892,461
"Employee Benefits Security Administration",764387721,3675,2004,877,452
"Employee Benefits Security Administration",764387721,3675,2005,875,444
"Employee Benefits Security Administration",764387721,3675,2006,892,486
"Employee Benefits Security Administration",764387721,3675,2007,874,484
"Employee Benefits Security Administration",764387721,3675,2008,886,499
"Employee Benefits Security Administration",764387721,3675,2009,942,508
"Employee Benefits Security Administration",764387721,3675,2010,980,557
"Employee Benefits Security Administration",764387721,3675,2011,926,538
"Employee Benefits Security Administration",764387721,3675,2012,1043,612
"Employee Benefits Security Administration",764387721,3675,2013,984,570
"Employee Benefits Security Administration",764387721,3675,2014,992,579
"Employee Benefits Security Administration",764387721,3675,2015,974,570
"Employee Benefits Security Administration",764387721,3675,2016,970,578
"Employee Benefits Security Administration",764387721,3675,2017,892,539
"Employee Benefits Security Administration",764387721,3675,2018,832,495
"Employee Benefits Security Administration",764387721,3675,2019,827,491
"Employee Benefits Security Administration",764387721,3675,2020,840,494
"Employee Benefits Security Administration",764387721,3675,2021,813,491
"Mine Safety and Health Administration",637631974,31330,2000,2254,1366
"Mine Safety and Health Administration",637631974,31330,2001,2250,1356
"Mine Safety and Health Administration",637631974,31330,2002,2167,1395
"Mine Safety and Health Administration",637631974,31330,2003,2212,1436
"Mine Safety and Health Administration",637631974,31330,2004,2149,1383
"Mine Safety and Health Administration",637631974,31330,2005,2145,1381
"Mine Safety and Health Administration",637631974,31330,2006,2097,1360
"Mine Safety and Health Administration",637631974,31330,2007,2260,1542
"Mine Safety and Health Administration",637631974,31330,2008,2321,1605
"Mine Safety and Health Administration",637631974,31330,2009,2394,1660
"Mine Safety and Health Administration",637631974,31330,2010,2351,1624
"Mine Safety and Health Administration",637631974,31330,2011,2330,1604
"Mine Safety and Health Administration",637631974,31330,2012,2421,1649
"Mine Safety and Health Administration",637631974,31330,2013,2345,1619
"Mine Safety and Health Administration",637631974,31330,2014,2309,1601
"Mine Safety and Health Administration",637631974,31330,2015,2277,1590
"Mine Safety and Health Administration",637631974,31330,2016,2248,1576
"Mine Safety and Health Administration",637631974,31330,2017,2091,1452
"Mine Safety and Health Administration",637631974,31330,2018,1932,1348
"Mine Safety and Health Administration",637631974,31330,2019,1830,1282
"Mine Safety and Health Administration",637631974,31330,2020,1704,1218
"Mine Safety and Health Administration",637631974,31330,2021,1672,1171
"Federal Aviation Administration",603315944,7295,2000,48825,1351
"Federal Aviation Administration",603315944,7295,2001,50420,1421
"Federal Aviation Administration",603315944,7295,2002,55150,5896
"Federal Aviation Administration",603315944,7295,2003,49276,822
"Federal Aviation Administration",603315944,7295,2004,47792,805
"Federal Aviation Administration",603315944,7295,2005,44686,804
"Federal Aviation Administration",603315944,7295,2006,44777,799
"Federal Aviation Administration",603315944,7295,2007,45224,775
"Federal Aviation Administration",603315944,7295,2008,46385,791
"Federal Aviation Administration",603315944,7295,2009,48363,828
"Federal Aviation Administration",603315944,7295,2010,48418,830
"Federal Aviation Administration",603315944,7295,2011,48121,824
"Federal Aviation Administration",603315944,7295,2012,47630,813
"Federal Aviation Administration",603315944,7295,2013,45905,794
"Federal Aviation Administration",603315944,7295,2014,45445,792
"Federal Aviation Administration",603315944,7295,2015,45521,793
"Federal Aviation Administration",603315944,7295,2016,45767,745
"Federal Aviation Administration",603315944,7295,2017,45490,743
"Federal Aviation Administration",603315944,7295,2018,44895,766
"Federal Aviation Administration",603315944,7295,2019,44288,798
"Federal Aviation Administration",603315944,7295,2020,45003,866
"Federal Aviation Administration",603315944,7295,2021,44446,860
"State Department Directorate of Defense Trade Controls",530490000,52,NA,NA,NA
"Centers for Medicare & Medicaid Services",485460524,11720,2001,4606,143
"Centers for Medicare & Medicaid Services",485460524,11720,2002,4763,129
"Centers for Medicare & Medicaid Services",485460524,11720,2003,4598,125
"Centers for Medicare & Medicaid Services",485460524,11720,2004,4581,115
"Centers for Medicare & Medicaid Services",485460524,11720,2005,4887,111
"Centers for Medicare & Medicaid Services",485460524,11720,2006,4634,103
"Centers for Medicare & Medicaid Services",485460524,11720,2007,4598,88
"Centers for Medicare & Medicaid Services",485460524,11720,2008,4418,3
"Centers for Medicare & Medicaid Services",485460524,11720,2009,4435,1
"Centers for Medicare & Medicaid Services",485460524,11720,2010,4887,1
"Centers for Medicare & Medicaid Services",485460524,11720,2011,5315,1
"Centers for Medicare & Medicaid Services",485460524,11720,2012,5692,1
"Centers for Medicare & Medicaid Services",485460524,11720,2013,5842,1
"Centers for Medicare & Medicaid Services",485460524,11720,2014,5772,1
"Centers for Medicare & Medicaid Services",485460524,11720,2015,6033,1
"Centers for Medicare & Medicaid Services",485460524,11720,2016,6302,1
"Centers for Medicare & Medicaid Services",485460524,11720,2017,6143,1
"Centers for Medicare & Medicaid Services",485460524,11720,2018,5992,1
"Centers for Medicare & Medicaid Services",485460524,11720,2019,6074,2
"Centers for Medicare & Medicaid Services",485460524,11720,2020,6128,2
"Centers for Medicare & Medicaid Services",485460524,11720,2021,6086,1
"Drug Enforcement Administration",413919465,27,2000,8850,5445
"Drug Enforcement Administration",413919465,27,2001,8694,5387
"Drug Enforcement Administration",413919465,27,2002,8669,5291
"Drug Enforcement Administration",413919465,27,2003,8867,5348
"Drug Enforcement Administration",413919465,27,2004,9230,5680
"Drug Enforcement Administration",413919465,27,2005,9481,5885
"Drug Enforcement Administration",413919465,27,2006,9595,5951
"Drug Enforcement Administration",413919465,27,2007,9206,5716
"Drug Enforcement Administration",413919465,27,2008,9085,5652
"Drug Enforcement Administration",413919465,27,2009,9591,5796
"Drug Enforcement Administration",413919465,27,2010,9939,5853
"Drug Enforcement Administration",413919465,27,2011,9738,5744
"Drug Enforcement Administration",413919465,27,2012,9721,5830
"Drug Enforcement Administration",413919465,27,2013,9424,5675
"Drug Enforcement Administration",413919465,27,2014,9180,5548
"Drug Enforcement Administration",413919465,27,2015,9025,5458
"Drug Enforcement Administration",413919465,27,2016,8882,5355
"Drug Enforcement Administration",413919465,27,2017,8909,5335
"Drug Enforcement Administration",413919465,27,2018,8863,5284
"Drug Enforcement Administration",413919465,27,2019,9020,5352
"Drug Enforcement Administration",413919465,27,2020,9029,5307
"Drug Enforcement Administration",413919465,27,2021,9107,5291
"Federal Motor Carrier Safety Administration",396113367,29921,2001,792,404
"Federal Motor Carrier Safety Administration",396113367,29921,2002,994,569
"Federal Motor Carrier Safety Administration",396113367,29921,2003,1021,593
"Federal Motor Carrier Safety Administration",396113367,29921,2004,1023,592
"Federal Motor Carrier Safety Administration",396113367,29921,2005,1078,603
"Federal Motor Carrier Safety Administration",396113367,29921,2006,1050,582
"Federal Motor Carrier Safety Administration",396113367,29921,2007,1006,566
"Federal Motor Carrier Safety Administration",396113367,29921,2008,1051,580
"Federal Motor Carrier Safety Administration",396113367,29921,2009,1064,572
"Federal Motor Carrier Safety Administration",396113367,29921,2010,1076,565
"Federal Motor Carrier Safety Administration",396113367,29921,2011,1113,558
"Federal Motor Carrier Safety Administration",396113367,29921,2012,1101,554
"Federal Motor Carrier Safety Administration",396113367,29921,2013,1116,543
"Federal Motor Carrier Safety Administration",396113367,29921,2014,1114,541
"Federal Motor Carrier Safety Administration",396113367,29921,2015,1139,542
"Federal Motor Carrier Safety Administration",396113367,29921,2016,1175,537
"Federal Motor Carrier Safety Administration",396113367,29921,2017,1162,524
"Federal Motor Carrier Safety Administration",396113367,29921,2018,1142,520
"Federal Motor Carrier Safety Administration",396113367,29921,2019,1134,520
"Federal Motor Carrier Safety Administration",396113367,29921,2020,1138,531
"Federal Motor Carrier Safety Administration",396113367,29921,2021,1115,510
"Consumer Product Safety Commission",360750500,198,2000,480,127
"Consumer Product Safety Commission",360750500,198,2001,478,129
"Consumer Product Safety Commission",360750500,198,2002,472,126
"Consumer Product Safety Commission",360750500,198,2003,482,128
"Consumer Product Safety Commission",360750500,198,2004,465,137
"Consumer Product Safety Commission",360750500,198,2005,443,135
"Consumer Product Safety Commission",360750500,198,2006,403,120
"Consumer Product Safety Commission",360750500,198,2007,396,122
"Consumer Product Safety Commission",360750500,198,2008,435,139
"Consumer Product Safety Commission",360750500,198,2009,461,149
"Consumer Product Safety Commission",360750500,198,2010,510,158
"Consumer Product Safety Commission",360750500,198,2011,548,175
"Consumer Product Safety Commission",360750500,198,2012,530,172
"Consumer Product Safety Commission",360750500,198,2013,524,167
"Consumer Product Safety Commission",360750500,198,2014,527,166
"Consumer Product Safety Commission",360750500,198,2015,544,179
"Consumer Product Safety Commission",360750500,198,2016,561,182
"Consumer Product Safety Commission",360750500,198,2017,541,179
"Consumer Product Safety Commission",360750500,198,2018,528,167
"Consumer Product Safety Commission",360750500,198,2019,514,163
"Consumer Product Safety Commission",360750500,198,2020,522,159
"Consumer Product Safety Commission",360750500,198,2021,537,164
"Housing and Urban Development",360221736,113,2000,43,0
"Housing and Urban Development",360221736,113,2001,46,0
"Housing and Urban Development",360221736,113,2002,49,0
"Housing and Urban Development",360221736,113,2003,48,0
"Housing and Urban Development",360221736,113,2004,42,0
"Housing and Urban Development",360221736,113,2005,42,0
"Housing and Urban Development",360221736,113,2006,52,0
"Housing and Urban Development",360221736,113,2007,39,0
"Housing and Urban Development",360221736,113,2008,39,0
"Housing and Urban Development",360221736,113,2009,36,0
"Housing and Urban Development",360221736,113,2010,49,0
"Housing and Urban Development",360221736,113,2011,37,0
"Housing and Urban Development",360221736,113,2012,38,0
"Housing and Urban Development",360221736,113,2013,54,0
"Housing and Urban Development",360221736,113,2014,38,0
"Housing and Urban Development",360221736,113,2015,38,0
"Housing and Urban Development",360221736,113,2016,34,0
"Housing and Urban Development",360221736,113,2017,35,0
"Housing and Urban Development",360221736,113,2018,36,0
"Housing and Urban Development",360221736,113,2019,38,0
"Housing and Urban Development",360221736,113,2020,38,0
"Housing and Urban Development",360221736,113,2021,44,0
"HE13-OFFICE OF INSPECTOR GENERAL",357424614,904,2014,1552,523
"HE13-OFFICE OF INSPECTOR GENERAL",357424614,904,2015,1557,535
"HE13-OFFICE OF INSPECTOR GENERAL",357424614,904,2016,1589,545
"HE13-OFFICE OF INSPECTOR GENERAL",357424614,904,2017,1620,558
"HE13-OFFICE OF INSPECTOR GENERAL",357424614,904,2018,1601,554
"HE13-OFFICE OF INSPECTOR GENERAL",357424614,904,2019,1664,583
"HE13-OFFICE OF INSPECTOR GENERAL",357424614,904,2020,1638,574
"HE13-OFFICE OF INSPECTOR GENERAL",357424614,904,2021,1622,568
"U.S. Coast Guard",241222620,52,2000,6017,197
"U.S. Coast Guard",241222620,52,2001,6041,221
"U.S. Coast Guard",241222620,52,2002,6407,238
"U.S. Coast Guard",241222620,52,2003,6693,273
"U.S. Coast Guard",241222620,52,2004,6872,288
"U.S. Coast Guard",241222620,52,2005,7198,304
"U.S. Coast Guard",241222620,52,2006,7528,322
"U.S. Coast Guard",241222620,52,2007,7716,351
"U.S. Coast Guard",241222620,52,2008,7787,379
"U.S. Coast Guard",241222620,52,2009,8220,461
"U.S. Coast Guard",241222620,52,2010,8285,525
"U.S. Coast Guard",241222620,52,2011,8716,538
"U.S. Coast Guard",241222620,52,2012,8789,554
"U.S. Coast Guard",241222620,52,2013,8604,570
"U.S. Coast Guard",241222620,52,2014,8451,550
"U.S. Coast Guard",241222620,52,2015,8376,565
"U.S. Coast Guard",241222620,52,2016,8305,574
"U.S. Coast Guard",241222620,52,2017,8499,568
"U.S. Coast Guard",241222620,52,2018,8631,560
"U.S. Coast Guard",241222620,52,2019,8619,559
"U.S. Coast Guard",241222620,52,2020,8797,563
"U.S. Coast Guard",241222620,52,2021,9043,584
"Office of Federal Contract Compliance Programs",230259271,504,2011,742,0
"Office of Federal Contract Compliance Programs",230259271,504,2012,775,0
"Office of Federal Contract Compliance Programs",230259271,504,2013,723,0
"Office of Federal Contract Compliance Programs",230259271,504,2014,648,0
"Office of Federal Contract Compliance Programs",230259271,504,2015,610,0
"Office of Federal Contract Compliance Programs",230259271,504,2016,563,0
"Office of Federal Contract Compliance Programs",230259271,504,2017,530,0
"Office of Federal Contract Compliance Programs",230259271,504,2018,495,0
"Office of Federal Contract Compliance Programs",230259271,504,2019,469,0
"Office of Federal Contract Compliance Programs",230259271,504,2020,442,0
"Office of Federal Contract Compliance Programs",230259271,504,2021,415,0
"Pipeline and Hazardous Materials Safety Administration",172020090,652,2005,333,3
"Pipeline and Hazardous Materials Safety Administration",172020090,652,2006,349,4
"Pipeline and Hazardous Materials Safety Administration",172020090,652,2007,363,4
"Pipeline and Hazardous Materials Safety Administration",172020090,652,2008,363,43
"Pipeline and Hazardous Materials Safety Administration",172020090,652,2009,375,46
"Pipeline and Hazardous Materials Safety Administration",172020090,652,2010,430,62
"Pipeline and Hazardous Materials Safety Administration",172020090,652,2011,444,59
"Pipeline and Hazardous Materials Safety Administration",172020090,652,2012,447,58
"Pipeline and Hazardous Materials Safety Administration",172020090,652,2013,435,55
"Pipeline and Hazardous Materials Safety Administration",172020090,652,2014,418,57
"Pipeline and Hazardous Materials Safety Administration",172020090,652,2015,473,65
"Pipeline and Hazardous Materials Safety Administration",172020090,652,2016,541,71
"Pipeline and Hazardous Materials Safety Administration",172020090,652,2017,537,69
"Pipeline and Hazardous Materials Safety Administration",172020090,652,2018,549,72
"Pipeline and Hazardous Materials Safety Administration",172020090,652,2019,552,76
"Pipeline and Hazardous Materials Safety Administration",172020090,652,2020,564,74
"Pipeline and Hazardous Materials Safety Administration",172020090,652,2021,552,69
"Federal Railroad Administration",166884966,16477,2000,737,1
"Federal Railroad Administration",166884966,16477,2001,771,1
"Federal Railroad Administration",166884966,16477,2002,761,0
"Federal Railroad Administration",166884966,16477,2003,786,0
"Federal Railroad Administration",166884966,16477,2004,817,0
"Federal Railroad Administration",166884966,16477,2005,803,0
"Federal Railroad Administration",166884966,16477,2006,823,0
"Federal Railroad Administration",166884966,16477,2007,804,1
"Federal Railroad Administration",166884966,16477,2008,822,2
"Federal Railroad Administration",166884966,16477,2009,828,0
"Federal Railroad Administration",166884966,16477,2010,849,0
"Federal Railroad Administration",166884966,16477,2011,867,0
"Federal Railroad Administration",166884966,16477,2012,874,0
"Federal Railroad Administration",166884966,16477,2013,885,0
"Federal Railroad Administration",166884966,16477,2014,836,0
"Federal Railroad Administration",166884966,16477,2015,870,0
"Federal Railroad Administration",166884966,16477,2016,946,0
"Federal Railroad Administration",166884966,16477,2017,908,0
"Federal Railroad Administration",166884966,16477,2018,912,0
"Federal Railroad Administration",166884966,16477,2019,909,0
"Federal Railroad Administration",166884966,16477,2020,885,0
"Federal Railroad Administration",166884966,16477,2021,865,0
"Health and Human Services Department Office for Civil Rights",134420090,127,NA,NA,NA
"Alcohol and Tobacco Tax and Trade Bureau",99863549,310,2003,442,73
"Alcohol and Tobacco Tax and Trade Bureau",99863549,310,2004,519,105
"Alcohol and Tobacco Tax and Trade Bureau",99863549,310,2005,535,131
"Alcohol and Tobacco Tax and Trade Bureau",99863549,310,2006,545,139
"Alcohol and Tobacco Tax and Trade Bureau",99863549,310,2007,534,157
"Alcohol and Tobacco Tax and Trade Bureau",99863549,310,2008,523,163
"Alcohol and Tobacco Tax and Trade Bureau",99863549,310,2009,519,159
"Alcohol and Tobacco Tax and Trade Bureau",99863549,310,2010,508,251
"Alcohol and Tobacco Tax and Trade Bureau",99863549,310,2011,488,243
"Alcohol and Tobacco Tax and Trade Bureau",99863549,310,2012,477,245
"Alcohol and Tobacco Tax and Trade Bureau",99863549,310,2013,468,242
"Alcohol and Tobacco Tax and Trade Bureau",99863549,310,2014,470,241
"Alcohol and Tobacco Tax and Trade Bureau",99863549,310,2015,461,238
"Alcohol and Tobacco Tax and Trade Bureau",99863549,310,2016,480,254
"Alcohol and Tobacco Tax and Trade Bureau",99863549,310,2017,484,251
"Alcohol and Tobacco Tax and Trade Bureau",99863549,310,2018,491,266
"Alcohol and Tobacco Tax and Trade Bureau",99863549,310,2019,488,263
"Alcohol and Tobacco Tax and Trade Bureau",99863549,310,2020,497,262
"Alcohol and Tobacco Tax and Trade Bureau",99863549,310,2021,488,266
"Interior Department Office of Natural Resources Revenue",87528909,194,NA,NA,NA
"Transportation Department Aviation Consumer Protection Division",81672500,575,NA,NA,NA
"DN-DEPARTMENT OF ENERGY",70992959,375,2000,15787,617
"DN-DEPARTMENT OF ENERGY",70992959,375,2001,16067,560
"DN-DEPARTMENT OF ENERGY",70992959,375,2002,16121,612
"DN-DEPARTMENT OF ENERGY",70992959,375,2003,15590,591
"DN-DEPARTMENT OF ENERGY",70992959,375,2004,15023,580
"DN-DEPARTMENT OF ENERGY",70992959,375,2005,14973,579
"DN-DEPARTMENT OF ENERGY",70992959,375,2006,14950,589
"DN-DEPARTMENT OF ENERGY",70992959,375,2007,14945,572
"DN-DEPARTMENT OF ENERGY",70992959,375,2008,15448,585
"DN-DEPARTMENT OF ENERGY",70992959,375,2009,15826,538
"DN-DEPARTMENT OF ENERGY",70992959,375,2010,16625,607
"DN-DEPARTMENT OF ENERGY",70992959,375,2011,14893,607
"DN-DEPARTMENT OF ENERGY",70992959,375,2012,14411,596
"DN-DEPARTMENT OF ENERGY",70992959,375,2013,13994,583
"DN-DEPARTMENT OF ENERGY",70992959,375,2014,13535,562
"DN-DEPARTMENT OF ENERGY",70992959,375,2015,13628,558
"DN-DEPARTMENT OF ENERGY",70992959,375,2016,13676,581
"DN-DEPARTMENT OF ENERGY",70992959,375,2017,13316,560
"DN-DEPARTMENT OF ENERGY",70992959,375,2018,12949,559
"DN-DEPARTMENT OF ENERGY",70992959,375,2019,12883,553
"DN-DEPARTMENT OF ENERGY",70992959,375,2020,13112,562
"DN-DEPARTMENT OF ENERGY",70992959,375,2021,13241,594
"Bureau of Safety and Environmental Enforcement",45841404,729,2012,675,88
"Bureau of Safety and Environmental Enforcement",45841404,729,2013,764,117
"Bureau of Safety and Environmental Enforcement",45841404,729,2014,791,116
"Bureau of Safety and Environmental Enforcement",45841404,729,2015,823,129
"Bureau of Safety and Environmental Enforcement",45841404,729,2016,871,144
"Bureau of Safety and Environmental Enforcement",45841404,729,2017,858,145
"Bureau of Safety and Environmental Enforcement",45841404,729,2018,802,139
"Bureau of Safety and Environmental Enforcement",45841404,729,2019,775,132
"Bureau of Safety and Environmental Enforcement",45841404,729,2020,768,134
"Bureau of Safety and Environmental Enforcement",45841404,729,2021,790,134
"ED-DEPARTMENT OF EDUCATION",43212750,70,2000,4930,84
"ED-DEPARTMENT OF EDUCATION",43212750,70,2001,4847,93
"ED-DEPARTMENT OF EDUCATION",43212750,70,2002,4774,86
"ED-DEPARTMENT OF EDUCATION",43212750,70,2003,4679,91
"ED-DEPARTMENT OF EDUCATION",43212750,70,2004,4584,88
"ED-DEPARTMENT OF EDUCATION",43212750,70,2005,4445,115
"ED-DEPARTMENT OF EDUCATION",43212750,70,2006,4344,113
"ED-DEPARTMENT OF EDUCATION",43212750,70,2007,4346,100
"ED-DEPARTMENT OF EDUCATION",43212750,70,2008,4335,96
"ED-DEPARTMENT OF EDUCATION",43212750,70,2009,4218,96
"ED-DEPARTMENT OF EDUCATION",43212750,70,2010,4536,110
"ED-DEPARTMENT OF EDUCATION",43212750,70,2011,4620,107
"ED-DEPARTMENT OF EDUCATION",43212750,70,2012,4366,101
"ED-DEPARTMENT OF EDUCATION",43212750,70,2013,4232,94
"ED-DEPARTMENT OF EDUCATION",43212750,70,2014,4195,90
"ED-DEPARTMENT OF EDUCATION",43212750,70,2015,4259,92
"ED-DEPARTMENT OF EDUCATION",43212750,70,2016,4362,92
"ED-DEPARTMENT OF EDUCATION",43212750,70,2017,4059,93
"ED-DEPARTMENT OF EDUCATION",43212750,70,2018,3712,88
"ED-DEPARTMENT OF EDUCATION",43212750,70,2019,3697,92
"ED-DEPARTMENT OF EDUCATION",43212750,70,2020,4031,92
"ED-DEPARTMENT OF EDUCATION",43212750,70,2021,4173,108
"Nuclear Regulatory Commission",40636563,172,2000,2908,57
"Nuclear Regulatory Commission",40636563,172,2001,2915,59
"Nuclear Regulatory Commission",40636563,172,2002,3021,50
"Nuclear Regulatory Commission",40636563,172,2003,3143,55
"Nuclear Regulatory Commission",40636563,172,2004,3224,57
"Nuclear Regulatory Commission",40636563,172,2005,3295,54
"Nuclear Regulatory Commission",40636563,172,2006,3492,53
"Nuclear Regulatory Commission",40636563,172,2007,3750,51
"Nuclear Regulatory Commission",40636563,172,2008,4080,49
"Nuclear Regulatory Commission",40636563,172,2009,4151,53
"Nuclear Regulatory Commission",40636563,172,2010,4211,48
"Nuclear Regulatory Commission",40636563,172,2011,4111,48
"Nuclear Regulatory Commission",40636563,172,2012,3906,47
"Nuclear Regulatory Commission",40636563,172,2013,3849,47
"Nuclear Regulatory Commission",40636563,172,2014,3871,48
"Nuclear Regulatory Commission",40636563,172,2015,3808,49
"Nuclear Regulatory Commission",40636563,172,2016,3521,47
"Nuclear Regulatory Commission",40636563,172,2017,3228,48
"Nuclear Regulatory Commission",40636563,172,2018,3081,44
"Nuclear Regulatory Commission",40636563,172,2019,2908,45
"Nuclear Regulatory Commission",40636563,172,2020,2849,43
"Nuclear Regulatory Commission",40636563,172,2021,2813,41
"Public Company Accounting Oversight Board",39077500,154,NA,NA,NA
"Federal Maritime Commission",29082750,255,2000,122,3
"Federal Maritime Commission",29082750,255,2001,123,0
"Federal Maritime Commission",29082750,255,2002,130,0
"Federal Maritime Commission",29082750,255,2003,129,0
"Federal Maritime Commission",29082750,255,2004,128,0
"Federal Maritime Commission",29082750,255,2005,120,0
"Federal Maritime Commission",29082750,255,2006,124,0
"Federal Maritime Commission",29082750,255,2007,119,0
"Federal Maritime Commission",29082750,255,2008,119,0
"Federal Maritime Commission",29082750,255,2009,124,0
"Federal Maritime Commission",29082750,255,2010,128,1
"Federal Maritime Commission",29082750,255,2011,127,1
"Federal Maritime Commission",29082750,255,2012,124,2
"Federal Maritime Commission",29082750,255,2013,120,2
"Federal Maritime Commission",29082750,255,2014,111,1
"Federal Maritime Commission",29082750,255,2015,122,2
"Federal Maritime Commission",29082750,255,2016,120,2
"Federal Maritime Commission",29082750,255,2017,122,2
"Federal Maritime Commission",29082750,255,2018,113,2
"Federal Maritime Commission",29082750,255,2019,116,2
"Federal Maritime Commission",29082750,255,2020,112,2
"Federal Maritime Commission",29082750,255,2021,120,2
"National Oceanic and Atmospheric Administration",27636000,11,2000,12463,157
"National Oceanic and Atmospheric Administration",27636000,11,2001,11980,157
"National Oceanic and Atmospheric Administration",27636000,11,2002,12365,180
"National Oceanic and Atmospheric Administration",27636000,11,2003,12425,184
"National Oceanic and Atmospheric Administration",27636000,11,2004,12379,178
"National Oceanic and Atmospheric Administration",27636000,11,2005,12423,194
"National Oceanic and Atmospheric Administration",27636000,11,2006,12493,192
"National Oceanic and Atmospheric Administration",27636000,11,2007,12501,194
"National Oceanic and Atmospheric Administration",27636000,11,2008,12685,209
"National Oceanic and Atmospheric Administration",27636000,11,2009,12920,214
"National Oceanic and Atmospheric Administration",27636000,11,2010,13040,237
"National Oceanic and Atmospheric Administration",27636000,11,2011,13012,233
"National Oceanic and Atmospheric Administration",27636000,11,2012,12592,220
"National Oceanic and Atmospheric Administration",27636000,11,2013,11975,223
"National Oceanic and Atmospheric Administration",27636000,11,2014,11663,211
"National Oceanic and Atmospheric Administration",27636000,11,2015,11501,194
"National Oceanic and Atmospheric Administration",27636000,11,2016,11417,176
"National Oceanic and Atmospheric Administration",27636000,11,2017,11392,187
"National Oceanic and Atmospheric Administration",27636000,11,2018,11313,172
"National Oceanic and Atmospheric Administration",27636000,11,2019,11262,176
"National Oceanic and Atmospheric Administration",27636000,11,2020,11554,172
"National Oceanic and Atmospheric Administration",27636000,11,2021,11833,173
"International Trade Commission",18902500,5,2000,384,0
"International Trade Commission",18902500,5,2001,385,0
"International Trade Commission",18902500,5,2002,377,0
"International Trade Commission",18902500,5,2003,360,0
"International Trade Commission",18902500,5,2004,360,0
"International Trade Commission",18902500,5,2005,377,0
"International Trade Commission",18902500,5,2006,394,0
"International Trade Commission",18902500,5,2007,364,0
"International Trade Commission",18902500,5,2008,376,0
"International Trade Commission",18902500,5,2009,397,0
"International Trade Commission",18902500,5,2010,398,0
"International Trade Commission",18902500,5,2011,391,0
"International Trade Commission",18902500,5,2012,394,0
"International Trade Commission",18902500,5,2013,388,0
"International Trade Commission",18902500,5,2014,401,0
"International Trade Commission",18902500,5,2015,411,0
"International Trade Commission",18902500,5,2016,410,0
"International Trade Commission",18902500,5,2017,402,0
"International Trade Commission",18902500,5,2018,408,0
"International Trade Commission",18902500,5,2019,435,0
"International Trade Commission",18902500,5,2020,426,0
"International Trade Commission",18902500,5,2021,416,0
"Grain Inspection, Packers and Stockyards Administration",10926073,300,2000,855,503
"Grain Inspection, Packers and Stockyards Administration",10926073,300,2001,825,474
"Grain Inspection, Packers and Stockyards Administration",10926073,300,2002,797,458
"Grain Inspection, Packers and Stockyards Administration",10926073,300,2003,781,450
"Grain Inspection, Packers and Stockyards Administration",10926073,300,2004,763,425
"Grain Inspection, Packers and Stockyards Administration",10926073,300,2005,738,401
"Grain Inspection, Packers and Stockyards Administration",10926073,300,2006,703,379
"Grain Inspection, Packers and Stockyards Administration",10926073,300,2007,718,400
"Grain Inspection, Packers and Stockyards Administration",10926073,300,2008,781,441
"Grain Inspection, Packers and Stockyards Administration",10926073,300,2009,803,461
"Grain Inspection, Packers and Stockyards Administration",10926073,300,2010,801,457
"Grain Inspection, Packers and Stockyards Administration",10926073,300,2011,788,458
"Grain Inspection, Packers and Stockyards Administration",10926073,300,2012,762,449
"Grain Inspection, Packers and Stockyards Administration",10926073,300,2013,748,443
"Grain Inspection, Packers and Stockyards Administration",10926073,300,2014,727,431
"Grain Inspection, Packers and Stockyards Administration",10926073,300,2015,761,462
"Grain Inspection, Packers and Stockyards Administration",10926073,300,2016,778,464
"Grain Inspection, Packers and Stockyards Administration",10926073,300,2017,737,442
"U.S. Fish and Wildlife Service",6075000,7,2000,9035,157
"U.S. Fish and Wildlife Service",6075000,7,2001,9323,154
"U.S. Fish and Wildlife Service",6075000,7,2002,9748,154
"U.S. Fish and Wildlife Service",6075000,7,2003,9960,387
"U.S. Fish and Wildlife Service",6075000,7,2004,9944,388
"U.S. Fish and Wildlife Service",6075000,7,2005,9568,384
"U.S. Fish and Wildlife Service",6075000,7,2006,9252,378
"U.S. Fish and Wildlife Service",6075000,7,2007,9156,377
"U.S. Fish and Wildlife Service",6075000,7,2008,9342,378
"U.S. Fish and Wildlife Service",6075000,7,2009,9725,371
"U.S. Fish and Wildlife Service",6075000,7,2010,10147,391
"U.S. Fish and Wildlife Service",6075000,7,2011,10229,430
"U.S. Fish and Wildlife Service",6075000,7,2012,10066,593
"U.S. Fish and Wildlife Service",6075000,7,2013,9394,574
"U.S. Fish and Wildlife Service",6075000,7,2014,8884,553
"U.S. Fish and Wildlife Service",6075000,7,2015,8970,594
"U.S. Fish and Wildlife Service",6075000,7,2016,9046,644
"U.S. Fish and Wildlife Service",6075000,7,2017,9000,644
"U.S. Fish and Wildlife Service",6075000,7,2018,8476,627
"U.S. Fish and Wildlife Service",6075000,7,2019,8293,610
"U.S. Fish and Wildlife Service",6075000,7,2020,8415,622
"U.S. Fish and Wildlife Service",6075000,7,2021,8554,614
"Food Safety and Inspection Service",3175621,19,2000,10332,7933
"Food Safety and Inspection Service",3175621,19,2001,10481,8051
"Food Safety and Inspection Service",3175621,19,2002,10319,7854
"Food Safety and Inspection Service",3175621,19,2003,10283,7711
"Food Safety and Inspection Service",3175621,19,2004,10192,7553
"Food Safety and Inspection Service",3175621,19,2005,10059,7289
"Food Safety and Inspection Service",3175621,19,2006,9789,7199
"Food Safety and Inspection Service",3175621,19,2007,9873,7339
"Food Safety and Inspection Service",3175621,19,2008,10023,7485
"Food Safety and Inspection Service",3175621,19,2009,9976,7401
"Food Safety and Inspection Service",3175621,19,2010,10006,7403
"Food Safety and Inspection Service",3175621,19,2011,9959,7376
"Food Safety and Inspection Service",3175621,19,2012,9898,7402
"Food Safety and Inspection Service",3175621,19,2013,9570,7131
"Food Safety and Inspection Service",3175621,19,2014,9386,6982
"Food Safety and Inspection Service",3175621,19,2015,9599,7158
"Food Safety and Inspection Service",3175621,19,2016,9633,7210
"Food Safety and Inspection Service",3175621,19,2017,9584,7193
"Food Safety and Inspection Service",3175621,19,2018,9020,6755
"Food Safety and Inspection Service",3175621,19,2019,8955,6709
"Food Safety and Inspection Service",3175621,19,2020,8781,6560
"Food Safety and Inspection Service",3175621,19,2021,8802,6589
"Federal Election Commission",2611778,37,2000,348,4
"Federal Election Commission",2611778,37,2001,357,4
"Federal Election Commission",2611778,37,2002,374,3
"Federal Election Commission",2611778,37,2003,369,2
"Federal Election Commission",2611778,37,2004,378,3
"Federal Election Commission",2611778,37,2005,385,4
"Federal Election Commission",2611778,37,2006,361,4
"Federal Election Commission",2611778,37,2007,349,4
"Federal Election Commission",2611778,37,2008,367,4
"Federal Election Commission",2611778,37,2009,368,4
"Federal Election Commission",2611778,37,2010,349,4
"Federal Election Commission",2611778,37,2011,349,4
"Federal Election Commission",2611778,37,2012,354,4
"Federal Election Commission",2611778,37,2013,338,4
"Federal Election Commission",2611778,37,2014,329,3
"Federal Election Commission",2611778,37,2015,331,3
"Federal Election Commission",2611778,37,2016,328,2
"Federal Election Commission",2611778,37,2017,322,1
"Federal Election Commission",2611778,37,2018,304,1
"Federal Election Commission",2611778,37,2019,305,1
"Federal Election Commission",2611778,37,2020,310,1
"Federal Election Commission",2611778,37,2021,304,2
"Agricultural Marketing Service",2426278,65,2000,6019,2323
"Agricultural Marketing Service",2426278,65,2001,5971,3738
"Agricultural Marketing Service",2426278,65,2002,6011,3764
"Agricultural Marketing Service",2426278,65,2003,5878,3630
"Agricultural Marketing Service",2426278,65,2004,5505,3333
"Agricultural Marketing Service",2426278,65,2005,5197,3114
"Agricultural Marketing Service",2426278,65,2006,5374,3323
"Agricultural Marketing Service",2426278,65,2007,4684,3098
"Agricultural Marketing Service",2426278,65,2008,4435,2882
"Agricultural Marketing Service",2426278,65,2009,4217,2737
"Agricultural Marketing Service",2426278,65,2010,4252,2774
"Agricultural Marketing Service",2426278,65,2011,4154,2704
"Agricultural Marketing Service",2426278,65,2012,4055,2651
"Agricultural Marketing Service",2426278,65,2013,4001,2663
"Agricultural Marketing Service",2426278,65,2014,3909,2575
"Agricultural Marketing Service",2426278,65,2015,3547,2243
"Agricultural Marketing Service",2426278,65,2016,3524,2205
"Agricultural Marketing Service",2426278,65,2017,3512,2225
"Agricultural Marketing Service",2426278,65,2018,4413,2827
"Agricultural Marketing Service",2426278,65,2019,4375,2868
"Agricultural Marketing Service",2426278,65,2020,4355,2822
"Agricultural Marketing Service",2426278,65,2021,4318,2752
"AG-DEPARTMENT OF AGRICULTURE",122000,2,2000,89509,1327
"AG-DEPARTMENT OF AGRICULTURE",122000,2,2001,93473,1392
"AG-DEPARTMENT OF AGRICULTURE",122000,2,2002,97440,1391
"AG-DEPARTMENT OF AGRICULTURE",122000,2,2003,96213,1396
"AG-DEPARTMENT OF AGRICULTURE",122000,2,2004,95624,1370
"AG-DEPARTMENT OF AGRICULTURE",122000,2,2005,93350,1342
"AG-DEPARTMENT OF AGRICULTURE",122000,2,2006,89622,1291
"AG-DEPARTMENT OF AGRICULTURE",122000,2,2007,88851,1351
"AG-DEPARTMENT OF AGRICULTURE",122000,2,2008,89598,1436
"AG-DEPARTMENT OF AGRICULTURE",122000,2,2009,91302,1414
"AG-DEPARTMENT OF AGRICULTURE",122000,2,2010,93232,1425
"AG-DEPARTMENT OF AGRICULTURE",122000,2,2011,90225,1421
"AG-DEPARTMENT OF AGRICULTURE",122000,2,2012,86589,1406
"AG-DEPARTMENT OF AGRICULTURE",122000,2,2013,82912,1362
"AG-DEPARTMENT OF AGRICULTURE",122000,2,2014,81895,1323
"AG-DEPARTMENT OF AGRICULTURE",122000,2,2015,82660,1293
"AG-DEPARTMENT OF AGRICULTURE",122000,2,2016,82656,1248
"AG-DEPARTMENT OF AGRICULTURE",122000,2,2017,79568,1219
"AG-DEPARTMENT OF AGRICULTURE",122000,2,2018,76949,1146
"AG-DEPARTMENT OF AGRICULTURE",122000,2,2019,76119,1104
"AG-DEPARTMENT OF AGRICULTURE",122000,2,2020,78638,1155
"AG-DEPARTMENT OF AGRICULTURE",122000,2,2021,78956,1115
"Office of Workers' Compensation Programs",75000,1,2011,1569,0
"Office of Workers' Compensation Programs",75000,1,2012,1641,0
"Office of Workers' Compensation Programs",75000,1,2013,1603,0
"Office of Workers' Compensation Programs",75000,1,2014,1555,0
"Office of Workers' Compensation Programs",75000,1,2015,1537,0
"Office of Workers' Compensation Programs",75000,1,2016,1539,0
"Office of Workers' Compensation Programs",75000,1,2017,1454,0
"Office of Workers' Compensation Programs",75000,1,2018,1438,3
"Office of Workers' Compensation Programs",75000,1,2019,1391,2
"Office of Workers' Compensation Programs",75000,1,2020,1340,2
"Office of Workers' Compensation Programs",75000,1,2021,1412,2
